{"schemaVersion":"1.0","appDefinitionTemplate":{"id":"/providers/Microsoft.PowerApps/apps/","type":"Microsoft.PowerApps/apps","tags":{"primaryDeviceWidth":"1366","primaryDeviceHeight":"768","supportsPortrait":"true","supportsLandscape":"true","primaryFormFactor":"Tablet","showStatusBar":"false","publisherVersion":"3.25052.13","minimumRequiredApiVersion":"2.2.0","hasComponent":"false","hasUnlockedComponent":"false","isUnifiedRootApp":"false","sienaVersion":"20250601T125444Z-3.25052.13.0"},"properties":{"appVersion":"2025-06-01T12:54:44Z","lifeCycleId":"Published","createdByClientVersion":{"major":3,"minor":25052,"build":13,"revision":0,"majorRevision":0,"minorRevision":0},"minClientVersion":{"major":3,"minor":25052,"build":13,"revision":0,"majorRevision":0,"minorRevision":0},"backgroundColor":"RGBA(0,176,240,1)","backgroundImageUri":"/7898170742017242765/N57d87231-5d9c-4709-94ed-49d598f3924b-logoSmallFile","displayName":"Reservation Desk","description":"","commitMessage":"","appUris":{"documentUri":{"value":"/7898170742017242765/N5501526e-b0e3-4378-9320-0e3d3a254ae6-document.msapp"},"imageUris":[],"additionalUris":[{"isSolutionAware":false,"value":"/7898170742017242765/N4c17e61a-b1c7-483b-bfe2-db82336f161b-identity.json"}]},"createdTime":"0001-01-01T00:00:00Z","lastModifiedTime":"0001-01-01T00:00:00Z","sharedGroupsCount":0,"sharedUsersCount":0,"connectionReferences":{},"databaseReferences":{"default.cds":{"databaseDetails":{"referenceType":"NotSpecified","environmentName":"default.cds","overrideValues":{"status":"NotSpecified","environmentVariableName":""}},"dataSources":{"Desks":{"entitySetName":"crf84_desks","logicalName":"crf84_desk","isHidden":false},"crf84_deskfeatures":{"entitySetName":"crf84_deskfeatures","logicalName":"crf84_deskfeature","isHidden":false},"Desk features":{"entitySetName":"crf84_deskfeatures","logicalName":"crf84_deskfeature","isHidden":false},"contacts":{"entitySetName":"contacts","logicalName":"contact","isHidden":false},"crf84_locations":{"entitySetName":"crf84_locations","logicalName":"crf84_location","isHidden":false},"Locations":{"entitySetName":"crf84_locations","logicalName":"crf84_location","isHidden":false}},"actions":["providers/PowerPlatform.Governance/Operations/Read","providers/PowerPlatform.Governance/Operations/Write","providers/PowerPlatform.Governance/Operations/Delete"]}},"almMode":"Solution","performanceOptimizationEnabled":true,"canConsumeAppPass":true,"enableModernRuntimeMode":false,"executionRestrictions":{"isTeamsOnly":false,"dataLossPreventionEvaluationResult":{"status":"Compliant","lastEvaluationDate":"2025-06-01T12:54:54.7326133Z","violations":[],"violationsByPolicy":[],"violationErrorMessage":"The app uses the following connectors: shared_commondataservice."}}},"isAppComponentLibrary":false,"appType":"ClassicCanvasApp","appComponents":[]}}